uid,fullname,email,password,role,avatar,phone,address,status,date_created,date_updated
1D7RE3BK3AS968100,Jaime Balchin,jbalchin2m@gmail.com,iY0|J2WUZ9ijxQ,true,https://robohash.org/perspiciatismolestiaedistinctio.jpg?size=50x50&set=set1,977-508-3956,6914 Bobwhite Park,true,2024-01-12,2024-01-12
1FTEW1CM2CF069151,Mariejeanne Seifenmacher,scherfiner@gmail.com,"gC9/Fdl7Hz,`.p$",false,https://robohash.org/minimadoloreest.jpg?size=50x50&set=set1,567-561-3136,907 Blackbird Lane,true,2024-01-10,2024-01-10
1FTEX1CM9DK721589,Artemus Newlin,anewlin2f@gmail.com,wI5\9bX6/2qu,false,https://robohash.org/quodsedomnis.jpg?size=50x50&set=set1,772-630-9167,30927 Barby Way,true,2023-06-17,2023-02-08
1G6D05EG8A0700695,Austin Pignon,apignon2j@gmail.com,jP8%qa'%,false,https://robohash.org/estexercitationemea.jpg?size=50x50&set=set1,911-532-0664,39274 Veith Avenue,true,2022-12-15,2022-12-09
1G6DF5E54C0980275,Dylan Olsson,dolsson2c@gmail.com,"oL0#`+,Nr=X",true,https://robohash.org/facerequiplaceat.jpg?size=50x50&set=set1,439-925-0745,264 Judy Street,true,2023-06-24,2023-03-06
1G6DK8ED4B0336410,Des Ruscoe,druscoe6@gmail.com,aL9_ZkOTXs',true,https://robohash.org/pariaturautab.jpg?size=50x50&set=set1,218-868-4515,89 Farragut Place,false,2023-10-07,2023-04-22
1G6DP5ED3B0704205,Camilla Silberschatz,csilberschatz12@gmail.com,nV3(am=w,false,https://robohash.org/velitquibusdamofficiis.jpg?size=50x50&set=set1,959-583-2904,014 Hudson Crossing,false,2023-01-28,2023-07-20
1G6DS1ED1B0258417,Obadiah McIlvaney,omcilvaneyu@gmail.com,xP7%IFGcO}$l&,true,https://robohash.org/officiisvelita.jpg?size=50x50&set=set1,371-797-9848,76 Ridge Oak Crossing,false,2023-10-31,2023-03-25
1G6KF57941U868654,Valentine Aleksandrikin,valeksandrikin18@gmail.com,sJ0)$lRSvEt1&$,false,https://robohash.org/nobisquoddolorem.jpg?size=50x50&set=set1,173-462-7578,391 Armistice Lane,false,2023-01-15,2023-02-04
1GD22ZCG6CZ659017,Willa Lockney,wlockney1q@gmail.com,"dQ6$q(1tj}""&bOj",true,https://robohash.org/delectustemporeperspiciatis.jpg?size=50x50&set=set1,376-265-7039,89 Anderson Parkway,true,2023-10-13,2023-06-24
1GYFK66887R850429,Paolo Murie,pmurie1p@gmail.com,wY6\h4YBnPd,true,https://robohash.org/sapientedolorumipsam.jpg?size=50x50&set=set1,815-464-7591,6345 Oneill Avenue,false,2023-09-05,2022-12-02
1N4AB7AP0EN053347,Aurthur Bowen,abowene@gmail.com,gB6*wGSLcPG~@3,false,https://robohash.org/quirerumsint.jpg?size=50x50&set=set1,900-364-9330,9 Banding Alley,false,2023-06-02,2022-12-14
1N4AL3AP9DC476900,Evey Keunemann,ekeunemann22@gmail.com,pZ5{7d|n,false,https://robohash.org/autexpeditavitae.jpg?size=50x50&set=set1,749-123-3362,6697 Oak Valley Circle,true,2023-06-14,2023-05-21
1N6AA0CC4DN099130,Margo Capron,mcapron11@gmail.com,"aU9,ZJWOmU",true,https://robohash.org/inoccaecatiaccusamus.jpg?size=50x50&set=set1,898-792-7030,2363 Donald Point,true,2023-09-02,2023-09-10
1YVHZ8BA3A5176469,Prentiss Skewis,pskewis1f@gmail.com,"oQ5,\blt\*W4",true,https://robohash.org/similiquefugiatdoloribus.jpg?size=50x50&set=set1,313-821-9456,84 Judy Center,false,2023-06-11,2023-02-11
1YVHZ8BH8C5555225,Candi Penman,cpenmany@gmail.com,fL1{'pt=~&!NE>,false,https://robohash.org/rerumestquam.jpg?size=50x50&set=set1,457-895-5500,112 Karstens Parkway,true,2023-06-01,2023-03-30
2B3CK3CVXAH979797,Florette Bitterton,fbittertons@gmail.com,"uW6""_rlo6}/",true,https://robohash.org/eligendiatqueunde.jpg?size=50x50&set=set1,314-442-2130,02 Morningstar Avenue,true,2022-12-17,2023-10-13
2C3CDXFG3FH617805,Vinny Danslow,vdanslow1c@gmail.com,tD6(~AsA<3'Zj(,false,https://robohash.org/fugitexcepturinon.jpg?size=50x50&set=set1,380-578-4350,5 Saint Paul Junction,true,2023-09-14,2023-09-08
2C4RDGCG9DR287783,Hilarius Dudney,hdudney1h@gmail.com,qH8>jJ~K1+_,true,https://robohash.org/corruptiatqui.jpg?size=50x50&set=set1,593-190-2565,17530 Jackson Hill,true,2023-03-21,2023-09-29
2G4GV5EVXB9024540,Sibyl Jarred,sjarredr@gmail.com,"dD2""pgX}wQ}=p",true,https://robohash.org/autdistinctioeum.jpg?size=50x50&set=set1,205-556-3894,42 Alpine Lane,false,2023-06-07,2023-04-03
2G61M5S32E9617218,Leese Coltart,lcoltartv@gmail.com,cD2=)DUJ7E20,true,https://robohash.org/occaecatirepellatnulla.jpg?size=50x50&set=set1,196-225-1877,25022 Debs Way,false,2023-02-03,2023-09-16
2HNYD28867H392690,Morly Streight,mstreight1t@gmail.com,zF1.cC'Zf94,true,https://robohash.org/omnisvoluptatemaut.jpg?size=50x50&set=set1,876-339-1133,9 Manufacturers Hill,false,2023-06-16,2023-07-31
2T1BU4EE2BC803491,Thorvald Poundsford,tpoundsford5@gmail.com,wP0+6Rr~~o|&9U,true,https://robohash.org/nostrumquaequi.jpg?size=50x50&set=set1,353-875-7174,02 Superior Avenue,true,2023-11-02,2023-08-31
2T1BURHE1EC199784,Jeana Wickins,jwickinsj@gmail.com,tQ1`Hm=uWK,false,https://robohash.org/estnamexercitationem.jpg?size=50x50&set=set1,882-627-9483,6 Burrows Plaza,true,2023-04-30,2023-08-14
2T1KE4EE4CC466532,Ruthe Duchateau,rduchateaub@gmail.com,oE8%gK1=cMby@U,true,https://robohash.org/sapientedictaatque.jpg?size=50x50&set=set1,912-697-9434,6 Barby Point,false,2022-12-06,2023-08-03
3C63DPNLXCG936762,Ripley Traylen,rtraylen2e@gmail.com,cY4~B.z1)'${,true,https://robohash.org/modiblanditiisitaque.jpg?size=50x50&set=set1,690-166-9128,2808 North Lane,true,2023-04-28,2023-04-25
3D7LP2ET4AG504559,Rod Teasdale,rteasdalea@gmail.com,wU5.<rs33,false,https://robohash.org/reiciendisadconsequatur.jpg?size=50x50&set=set1,876-813-2980,72515 Raven Avenue,true,2023-02-25,2023-10-28
3D7TP2CTXBG201774,Lauralee Deards,ldeards1d@gmail.com,jS3<a$wr,false,https://robohash.org/totamrecusandaevitae.jpg?size=50x50&set=set1,320-873-0624,2670 6th Avenue,true,2023-01-05,2023-08-04
3D7TT2CT9BG471316,King Bourdice,kbourdicek@gmail.com,eT6<GFCW|erPA7!D,true,https://robohash.org/maximequamut.jpg?size=50x50&set=set1,709-364-0997,8 Linden Park,false,2022-11-30,2023-06-30
3G5DA03E15S691116,Franny Dawtrey,fdawtrey1x@gmail.com,"eK9=mf""V*i",false,https://robohash.org/liberoenimvoluptatem.jpg?size=50x50&set=set1,285-302-0505,0789 Portage Crossing,false,2023-06-24,2023-03-18
3LN6L2G98FR210691,Deeann Kinforth,dkinforth1b@gmail.com,"vB5>,_8P1,U\",true,https://robohash.org/hicipsumsit.jpg?size=50x50&set=set1,705-513-4852,255 Hooker Lane,true,2022-12-23,2023-10-28
3TMJU4GN4DM965710,Allx Merigon,amerigon2@gmail.com,aG4@_XFN@h.*,false,https://robohash.org/estdolordoloribus.jpg?size=50x50&set=set1,437-654-7519,05727 Sheridan Point,false,2023-07-05,2023-10-02
5FRYD4H40GB924583,Christian Zuanelli,czuanelli2h@gmail.com,rB2/MzQ#uPN1{U$B,false,https://robohash.org/remmaximequisquam.jpg?size=50x50&set=set1,788-378-0048,58 Paget Lane,false,2023-10-19,2022-12-19
5FRYD4H9XGB615523,Donny Lindenfeld,dlindenfeldm@gmail.com,iR9.*QG#Y,true,https://robohash.org/eumnonnecessitatibus.jpg?size=50x50&set=set1,799-472-5627,03971 Rigney Junction,true,2022-12-30,2023-10-03
5GADS13S972332680,Lelah Mossman,lmossman27@gmail.com,lI3$Lc7})G$&2,false,https://robohash.org/ipsafacerequo.jpg?size=50x50&set=set1,309-812-9635,61167 Forest Run Center,false,2023-08-26,2023-06-13
5J6TF2H54FL146183,Staci Maffeo,smaffeo3@gmail.com,hC7)m7W?,true,https://robohash.org/cumquequosconsectetur.jpg?size=50x50&set=set1,646-782-2982,4045 Morrow Avenue,true,2023-11-09,2023-04-17
5N1AT2ML7FC176235,Hayley Akers,hakers4@gmail.com,fL5~0OdAsd8yYN,false,https://robohash.org/estlaboriosamharum.jpg?size=50x50&set=set1,643-184-7252,05169 Buell Drive,true,2022-11-29,2023-07-17
5UXFH0C54BL008709,Carolee Brunger,cbrunger25@gmail.com,"zA7#U""4""YOUf",false,https://robohash.org/adipiscinecessitatibusat.jpg?size=50x50&set=set1,699-266-8371,3 Northport Court,true,2023-02-24,2022-11-25
JH4CU25649C056656,Cherida Stille,cstille24@gmail.com,"aV5(""tX+hyLC",true,https://robohash.org/voluptateetdeserunt.jpg?size=50x50&set=set1,683-886-6775,034 Basil Plaza,true,2022-12-23,2023-05-04
JH4CU2F86CC667098,Siward Keeney,skeeney1g@gmail.com,qQ6<1@<N/51<xxSM,true,https://robohash.org/istepariaturaut.jpg?size=50x50&set=set1,557-284-7379,5 Manley Circle,true,2023-06-21,2023-09-09
JM1DE1HY3B0268546,Cristy Hannaford,channaford1v@gmail.com,oR7!52LpN(zq&L#,true,https://robohash.org/eamagninam.jpg?size=50x50&set=set1,996-748-1356,22823 Alpine Way,true,2023-09-18,2023-08-10
JN1AZ4FH2FM762555,Elayne Chiverstone,echiverstonec@gmail.com,"hS6""8M+b~fwl3y",false,https://robohash.org/eosminusdicta.jpg?size=50x50&set=set1,125-413-2293,91059 Valley Edge Drive,true,2023-01-14,2022-11-30
JN1BV7AP5FM628865,Tammie McPartlin,tmcpartlinl@gmail.com,oG9_m%=7q,true,https://robohash.org/suscipitnihilcorporis.jpg?size=50x50&set=set1,446-997-5142,5 Lakewood Gardens Point,true,2022-12-23,2023-09-19
JN1BY0AR8AM128384,Nonie Boatright,nboatright21@gmail.com,lH8_>LI}S~t,true,https://robohash.org/maioresdoloresveniam.jpg?size=50x50&set=set1,119-909-1494,9565 Barby Park,false,2023-08-05,2023-05-02
JN1CV6FE0EM202389,Biddy Harbor,bharbor2p@gmail.com,hZ1{n4NaKS$0x,false,https://robohash.org/iustonisipraesentium.jpg?size=50x50&set=set1,553-197-1041,97 Fair Oaks Park,true,2023-03-25,2023-09-10
JN8AZ2KR9DT318855,Martie Dendle,mdendlep@gmail.com,"mA6>,,""B,I%Ry",false,https://robohash.org/aaccusamusvelit.jpg?size=50x50&set=set1,412-846-3099,007 Fairfield Court,false,2023-08-01,2022-12-19
JTDBT4K39B4027188,Holli Tinker,htinker1y@gmail.com,gT2/@_Bs=z`,true,https://robohash.org/quossedet.jpg?size=50x50&set=set1,807-403-9374,6 Bayside Circle,true,2023-01-15,2022-12-08
JTDKN3DP4D3527109,Corette Millar,cmillar28@gmail.com,mK3=(xvm9&V}0u,false,https://robohash.org/quiutsimilique.jpg?size=50x50&set=set1,362-717-2163,817 Rowland Terrace,true,2023-10-15,2023-04-18
JTHFE2C24F2206518,Bernelle Wickes,bwickes2b@gmail.com,dL8*(syL\I2tP~24,false,https://robohash.org/culpaenimeveniet.jpg?size=50x50&set=set1,698-793-6092,15 Northland Court,false,2023-03-23,2023-02-07
JTHKD5BH5C2070260,Roldan Rivitt,rrivitt13@gmail.com,tV0(1G'=yy,false,https://robohash.org/voluptasfacilisnihil.jpg?size=50x50&set=set1,188-990-9882,7442 Mcbride Hill,false,2023-07-30,2023-06-11
KMHEC4A49FA820839,Pru Roset,prosetd@gmail.com,lU3@on@d,true,https://robohash.org/namevenietsunt.jpg?size=50x50&set=set1,352-251-2758,29 Holmberg Avenue,false,2022-12-20,2023-10-07
KNAGM4AD9D5992690,Findlay Casterou,fcasteroux@gmail.com,"fV9>H7%,pjK,",false,https://robohash.org/corporisoditet.jpg?size=50x50&set=set1,460-652-8566,570 Tennyson Crossing,true,2023-03-03,2023-07-01
SALFR2BG0DH799106,Boyce Readings,breadings0@gmail.com,gF2#9AsK,true,https://robohash.org/namautconsequatur.jpg?size=50x50&set=set1,254-474-8546,95 Bartelt Street,true,2023-02-11,2023-03-16
SALVP1BG0FH449473,Cybil Minkin,cminkino@gmail.com,bB5++zL&@,true,https://robohash.org/iustosuscipitsint.jpg?size=50x50&set=set1,677-746-6593,4751 Eastlawn Street,false,2023-03-30,2023-01-15
SALWR2TF2FA942848,Teodora Reichardt,treichardt1n@gmail.com,mF7%Uq<'#+F=E'dO,false,https://robohash.org/estanimivoluptatum.jpg?size=50x50&set=set1,316-913-6784,445 Graedel Crossing,true,2023-10-03,2023-03-15
SALWR2TF4FA077624,Charissa Hudel,chudel2i@gmail.com,iV9@HnDrr}Me{9,true,https://robohash.org/iuresintsit.jpg?size=50x50&set=set1,810-661-9861,55358 Bashford Center,false,2022-11-25,2022-12-04
SCBBR53W468735024,Kattie Pittle,kpittle2g@gmail.com,iO7'DENbFL5,false,https://robohash.org/molestiaeiureneque.jpg?size=50x50&set=set1,630-918-9957,1 Basil Court,true,2023-01-30,2023-06-23
SCBDC47L19C101675,Brendis Statton,bstattoni@gmail.com,eY1_Y)ZpK8(xyrK,true,https://robohash.org/autsapienteeaque.jpg?size=50x50&set=set1,245-113-6545,8131 South Junction,false,2023-07-05,2023-08-27
SCBFH7ZA2FC251166,Linc Springle,lspringle10@gmail.com,nL0@CRj1gfp~,true,https://robohash.org/debitiscumdolores.jpg?size=50x50&set=set1,617-910-3001,4 Union Junction,false,2023-08-08,2023-04-16
SCBGR3ZA6DC666708,Adora Gorrie,agorrieh@gmail.com,gH8<@v37=g),true,https://robohash.org/delenitiauteius.jpg?size=50x50&set=set1,663-195-7907,39 Onsgard Point,true,2022-12-12,2023-08-15
SCFFBCBD7AG742721,Bob MacCostigan,bmaccostigan1o@gmail.com,hJ7}nSHnH,false,https://robohash.org/minusfugaqui.jpg?size=50x50&set=set1,417-974-4361,07208 Village Way,true,2022-12-26,2023-05-17
TRURD38J081334003,Ariella Kondratowicz,akondratowicz17@gmail.com,tK1{u%#~,false,https://robohash.org/repellatetcupiditate.jpg?size=50x50&set=set1,647-904-4060,7 Marquette Trail,true,2023-05-08,2023-08-20
TRUUT28N351648606,Jacynth Dickon,jdickon2l@gmail.com,cO5!FOxt5&o,true,https://robohash.org/saepeeumatque.jpg?size=50x50&set=set1,605-757-6083,512 Pierstorff Plaza,false,2022-12-19,2023-07-21
WA1AY94L67D396440,Petronilla Muirden,pmuirden1w@gmail.com,bT9+wcMw,false,https://robohash.org/quiamolestiaemaiores.jpg?size=50x50&set=set1,173-562-5739,592 Scott Center,false,2022-12-13,2023-02-19
WA1BV74L97D133618,Mallory Mangeon,mmangeon9@gmail.com,rX4#N(x`q%,true,https://robohash.org/mollitiaexplicaboducimus.jpg?size=50x50&set=set1,787-452-3734,4171 Green Ridge Parkway,true,2023-03-07,2022-12-13
WA1CGBFE7BD558425,Priscilla Sorrell,psorrellt@gmail.com,lZ8}%{x1Enm,true,https://robohash.org/porrocorporisrecusandae.jpg?size=50x50&set=set1,203-796-7155,9 Nova Parkway,true,2022-11-18,2023-07-09
WA1DGBFE9FD421058,Cornela McClenaghan,cmcclenaghan1j@gmail.com,cB4~IVa)4uN},true,https://robohash.org/ipsumquiaiusto.jpg?size=50x50&set=set1,343-688-0447,028 Reindahl Park,true,2023-08-11,2023-02-19
WA1UFAFL1EA028716,Findlay Pridham,fpridham2k@gmail.com,qK8<7u|l}rs,false,https://robohash.org/voluptatesdoloribusvoluptate.jpg?size=50x50&set=set1,237-168-1933,5 Westport Junction,false,2023-06-03,2023-01-14
WAUAH94F68N499477,Farlie Taleworth,ftaleworth1e@gmail.com,aQ1.n)ss4,false,https://robohash.org/voluptatemverout.jpg?size=50x50&set=set1,679-988-4163,11 Reinke Center,false,2023-07-10,2022-12-03
WAUBNBFB2AN906506,Wilden Emps,wemps2n@gmail.com,fB7.EmAnDk1Nsb)x,true,https://robohash.org/quisolutaexercitationem.jpg?size=50x50&set=set1,504-117-7597,4 Del Mar Alley,true,2023-08-28,2023-03-02
WAUDFAFL9AA650073,Hadleigh Segges,hsegges1m@gmail.com,jV1@#bka,true,https://robohash.org/namiureaspernatur.jpg?size=50x50&set=set1,758-754-9558,9 Toban Plaza,false,2023-11-07,2023-08-20
WAUDG58E15A861910,Bendicty Egleton,begleton1s@gmail.com,"cI2*8_gj7KST#8,K",false,https://robohash.org/liberorepellendusodio.jpg?size=50x50&set=set1,846-729-1555,6 Huxley Drive,true,2022-12-27,2023-05-13
WAUEH98E96A242482,Allayne Rosenbusch,arosenbusch1i@gmail.com,lC2_22g@l?E@,true,https://robohash.org/blanditiisverovelit.jpg?size=50x50&set=set1,474-710-7174,17615 Jackson Circle,true,2023-07-03,2023-05-25
WAUET48H85K681581,Susanna Prettyjohn,sprettyjohn20@gmail.com,jV2{Iu<g<,false,https://robohash.org/quostemporequae.jpg?size=50x50&set=set1,240-223-7130,69495 Scofield Point,false,2022-12-20,2023-07-06
WAUKG58EX5A103071,Wynny Scare,wscareg@gmail.com,iZ7+dxbefXIl%a>,true,https://robohash.org/laudantiumveroadipisci.jpg?size=50x50&set=set1,238-586-5534,41 Monterey Court,true,2023-03-09,2022-11-26
WAUUL58E65A803495,Normand Tackes,ntackes2a@gmail.com,"jL4,iPqw?}WFP\(6",true,https://robohash.org/autlaborumrerum.jpg?size=50x50&set=set1,351-241-6285,14376 Rieder Crossing,false,2023-02-19,2023-03-15
WAUVVAFR2AA588530,L;urette Ryott,lryott7@gmail.com,vD8)m!l>_g/iFuH,true,https://robohash.org/inciduntautitaque.jpg?size=50x50&set=set1,907-462-9654,7791 Chive Drive,false,2023-08-01,2023-08-21
WAUWFBFL3AA746182,Darcie Reams,dreams8@gmail.com,kU5)S#AR_,true,https://robohash.org/aperiammaioresfugit.jpg?size=50x50&set=set1,671-618-7221,8 Veith Crossing,false,2023-04-27,2023-10-10
WAUWG94FX9N576684,Noreen Dykes,ndykes1k@gmail.com,"nQ8)i,""5,fJ",true,https://robohash.org/voluptatemporrout.jpg?size=50x50&set=set1,690-286-5676,36648 Artisan Trail,true,2023-10-23,2023-01-06
WBA3A5C59DJ327900,Mikey Allatt,mallatt2r@gmail.com,qP4|pnQv#t)yLNe{,true,https://robohash.org/accusamusetquibusdam.jpg?size=50x50&set=set1,835-235-6786,05049 Golf Alley,false,2023-05-10,2023-08-10
WBA3B1G56EN760813,Rivi Sherringham,rsherringham1a@gmail.com,"iU7%{,|NT",true,https://robohash.org/namrerumblanditiis.jpg?size=50x50&set=set1,810-410-5872,1 Killdeer Parkway,false,2023-02-25,2023-04-18
WBA5A7C50ED467791,Honor Gryglewski,hgryglewski1z@gmail.com,tI9*4+m)%m#*,true,https://robohash.org/dignissimostotamquod.jpg?size=50x50&set=set1,634-342-8685,1 Briar Crest Terrace,false,2022-12-26,2022-12-16
WBADT334X2G103037,Laverna Barnes,lbarnes16@gmail.com,"gO9,QqlA3C*UJ\x",true,https://robohash.org/cumautemdoloremque.jpg?size=50x50&set=set1,578-603-3651,279 Talisman Plaza,true,2022-11-22,2022-12-10
WBAEB53529C501839,Philbert Laux,plaux14@gmail.com,hB6}Q8QmYM,true,https://robohash.org/quiaimpeditipsum.jpg?size=50x50&set=set1,110-363-9547,630 Cottonwood Road,true,2022-12-25,2023-02-19
WBAEN33442P822198,Giralda Venable,gvenable1r@gmail.com,cM1&?|$)X<9d_#,true,https://robohash.org/eumearumlaboriosam.jpg?size=50x50&set=set1,739-681-1950,55734 Ilene Parkway,false,2022-12-22,2023-02-25
WBAEN33464P677247,Sascha Tabram,stabram2o@gmail.com,mG3@xqrU#qv'(,true,https://robohash.org/nisiquisquamlaboriosam.jpg?size=50x50&set=set1,846-529-4648,82 Grim Road,false,2023-07-05,2023-08-16
WBAEP33473P127256,Gerrie Grimble,ggrimble1u@gmail.com,kL0(1+<r=,false,https://robohash.org/quisquamautemomnis.jpg?size=50x50&set=set1,428-616-8562,21 Ridge Oak Street,true,2022-12-02,2023-01-15
WBAKF5C54DJ327526,Ailee Padbury,apadbury29@gmail.com,iT5@dy6F,true,https://robohash.org/corruptinonducimus.jpg?size=50x50&set=set1,338-979-1296,5 Macpherson Crossing,false,2023-04-24,2023-08-24
WBAKN9C55ED742848,Alana Rossbrooke,arossbrookez@gmail.com,aH0}|m9T4w5`A=w,true,https://robohash.org/nostrumearumullam.jpg?size=50x50&set=set1,628-201-3395,228 Dakota Place,true,2023-06-10,2023-07-13
WBALX3C51CD783129,Ranique Hastler,rhastler1l@gmail.com,uI1{Ci4J%EM,true,https://robohash.org/estvoluptatesqui.jpg?size=50x50&set=set1,304-856-5364,10317 Vidon Point,false,2022-12-21,2023-01-09
WBANB33565B659265,Lenna Bartunek,lbartunekw@gmail.com,"pZ4(KD,/~('+",true,https://robohash.org/autquinecessitatibus.jpg?size=50x50&set=set1,807-698-4672,651 Troy Plaza,false,2023-04-09,2023-03-31
WBANU535X8B092486,Benny Franzewitch,bfranzewitch26@gmail.com,rB3}Qt5@j%f?,true,https://robohash.org/occaecatioditaccusamus.jpg?size=50x50&set=set1,327-779-8429,5 Blue Bill Park Plaza,true,2023-02-23,2023-10-21
WBASP0C52DC612441,Cindi Blanshard,cblanshard2d@gmail.com,kK5%Wad.)~Ju.hU,true,https://robohash.org/atarchitectoanimi.jpg?size=50x50&set=set1,992-927-0589,4327 Anzinger Lane,false,2023-11-01,2023-01-16
WBAVB13566P797946,Lew Stieger,lstiegerq@gmail.com,vN9|6Ja*M9/5$s,true,https://robohash.org/dignissimosenimdolore.jpg?size=50x50&set=set1,696-267-7225,662 Cardinal Center,true,2023-05-14,2023-02-27
WBAVC53558F595287,Bo Kaasmann,bkaasmann15@gmail.com,bI5!3`jjvQjUC,true,https://robohash.org/ametdolorecommodi.jpg?size=50x50&set=set1,940-403-8055,490 Delaware Way,true,2023-10-18,2023-05-13
WBAXA5C5XED889080,Borg Mustoo,bmustoof@gmail.com,rT1*pOg+YpS,true,https://robohash.org/nemoperspiciatisrepellat.jpg?size=50x50&set=set1,936-429-6624,7 Butternut Circle,false,2023-02-14,2023-07-12
WP0CB2A89FK748640,Gilberto Grinishin,ggrinishin1@gmail.com,dC6$t@My1fL)P,false,https://robohash.org/quimodiratione.jpg?size=50x50&set=set1,293-860-2247,8 Lakeland Plaza,true,2023-06-07,2023-05-14
WVWED7AJ3DW593088,Sarene Malkinson,smalkinson19@gmail.com,mC2%E#77,true,https://robohash.org/enimquiavelit.jpg?size=50x50&set=set1,689-284-0129,0 Carey Pass,true,2023-07-22,2023-08-24
WVWGU7AN6CE569299,Barbabas McCafferky,bmccafferky2q@gmail.com,rP4='#?6Jb{pF@,false,https://robohash.org/atquevoluptatesvoluptatem.jpg?size=50x50&set=set1,571-854-3448,82440 Lindbergh Alley,true,2023-09-07,2022-11-17